"videoID";"videoName";"genre";"duration"
1;"Return of a Man Called Horse, The";"Western";9
2;"Kelly's Heroes";"Action|Comedy|War";39428
3;"Pig Hunt ";"Action|Horror|Thriller";23042
4;"Rage of Honor";"Action|Crime";88284
5;"Unloved, The";"Drama";339
6;"Exiles (Exils)";"Adventure|Drama";5
7;"Chronic Town";"Action|Drama|Thriller";6051
8;"Shadrach";"Drama";701
9;"Inadequate People (Neadekvatnye lyudi)";"Comedy|Romance";87
10;"Maria Bamford: The Special Special Special!";"Comedy";92585
11;"An American Hippie in Israel";"Action|Comedy|Sci-Fi";8868
12;"Marie Krøyer";"Drama";7455
13;"Mangler, The";"Horror";59171
14;"Lady in the Water";"Drama|Fantasy|Mystery";868
15;"Here Comes the Boom";"Action|Comedy";295
16;"Stage Door";"Drama";75
17;"Watercolors";"Drama|Romance";42
18;"Truth About Emanuel, The";"Drama|Thriller";1364
19;"Satan Bug, The";"Sci-Fi|Thriller";4
20;"Undisputed";"Drama";2
21;"Candyman: Farewell to the Flesh";"Fantasy|Horror";202
22;"Lights Out";"Drama|Mystery|Thriller";9545
23;"This Is Where I Leave You";"Comedy|Drama";56
24;"Who's the Man?";"Comedy";3512
25;"To Paint or Make Love (Peindre ou faire l'amour)";"Comedy";18
26;"True Story";"Drama|Mystery|Thriller";31
27;"Blood Alley";"Action|Adventure";88
28;"Sorority House Massacre";"Horror";1216
29;"Mustasukkaisuus";"Drama|Romance";6
30;"Jericho Mile, The";"Crime|Drama";3
31;"Frankie and Johnny";"Comedy";9
32;"Dracula 2000";"Horror";44319
33;"South, The (Sur)";"Drama";3
34;"Brother, Can You Spare a Dime?";"Documentary";333
35;"Castle Keep";"Drama|War";8
36;"Art of War II: Betrayal, The";"Action|Thriller";50421
37;"They Live";"Action|Sci-Fi|Thriller";4762
38;"Corporation, The";"Documentary";11933
39;"Suitor, The (Soupirant, Le)";"Comedy";9873
40;"Night in Casablanca, A";"Comedy";5880
41;"Tepenin Ardi";"Drama|Thriller";7
42;"The Dot and the Line : A Romance in Lower Mathematics";"Animation|Children|Comedy";1
43;"Persona";"Drama";32
44;"Canal, The";"Horror|Thriller";1929
45;"Saving Face";"Documentary|Drama";54859
46;"Orphanage, The (Orfanato, El)";"Drama|Horror|Mystery|Thriller";978
47;"Diary of a Lost Girl (Tagebuch einer Verlorenen)";"Drama";34597
48;"Cool Runnings";"Comedy";821
49;"Clear and Present Danger";"Action|Crime|Drama|Thriller";825
50;"Blood of Redemption";"Action|Crime|Drama|Thriller";145
51;"Negative Happy Chainsaw Edge (Negatibu happî chênsô ejji)";"Comedy|Horror";48797
52;"Bachelor Party, The";"Drama";6060
53;"Brotherhood, The";"Crime|Drama";6608
54;"Albino Farm";"Horror";5
55;"The Italian Connection";"Crime|Drama";676
56;"See Here, Private Hargrove";"Comedy|Romance|War";3612
57;"The Overnight";"Comedy";73977
58;"Sweetest Thing, The";"Comedy|Romance";2
59;"Fireworks (Hana-bi)";"Crime|Drama";8
60;"Godzilla vs. Destroyah (Gojira vs. Desutoroiâ) ";"Action|Sci-Fi";75260
61;"Picture of Dorian Gray, The";"Drama|Fantasy|Horror";34
62;"Undertaking Betty (Plots with a View)";"Comedy|Romance";1
63;"Great Gabbo, The";"Drama|Musical|Romance";6
64;"Wizards";"Animation|Fantasy|Sci-Fi|War";1
65;"Muppets Most Wanted";"Adventure|Comedy|Crime";1908
66;"Snowball Effect: The Story of 'Clerks'";"Documentary";8
67;"Marlowe";"Crime|Drama|Mystery";45
68;"Star Wars: Episode V - The Empire Strikes Back";"Action|Adventure|Sci-Fi";375
69;"Never Play Clever Again (Gendarme et les gendarmettes, Le)";"Comedy|Crime";38
70;"Sheepman, The";"Comedy|Western";94717
71;"Super Capers";"Action|Adventure|Comedy|Fantasy|Sci-Fi";62
72;"New Adventures of Pippi Longstocking, The";"Adventure|Children|Fantasy|Musical";9
73;"Breaking Point";"Action|Crime|Drama|Thriller";4
74;"Killing Kasztner";"Documentary";63
75;"French Fried Vacation 3 (Les bronzés 3: amis pour la vie)";"Comedy";18797
76;"Come Live with Me";"Comedy|Romance";95608
77;"River Murders, The";"Thriller";90008
78;"Red Corner";"Crime|Thriller";67066
79;"Hollywood Revue of 1929, The";"Musical";784
80;"Goal! III";"Drama|Romance";70
81;"Oxford Murders, The";"Crime|Mystery|Romance|Thriller";6
82;"Phat Beach";"Comedy";359
83;"Cutie Honey";"Action";60
84;"Evil Dead, The";"Fantasy|Horror|Thriller";557
85;"Israeli Intelligence (Hamosad Hasagur)";"Action|Comedy";1
86;"Lockout";"Action|Sci-Fi|Thriller";4
87;"Secuestrados (Kidnapped)";"Horror|Thriller";182
88;"For Heaven's Sake";"Action|Comedy|Romance";68
89;"Good Student, The (Mr. Gibb)";"Comedy";369
90;"Cleopatra";"Drama|Romance";117
91;"Girl Said No, The";"Comedy|Romance";31978
92;"A.K.A. Don Bonus";"Documentary";8420
93;"Kommissarie Späck";"Comedy";5106
94;"Lockdown";"Drama";8
95;"Island at War";"Drama|War";27
96;"Cleanflix";"Crime|Documentary";15
97;"According to Greta";"Drama|Romance";9
98;"Victory Through Air Power";"Animation|Documentary|War";81
99;"North Country";"Drama";8984
100;"Parents";"Comedy|Drama|Horror";9
